Player_Name,Team,Pos
Leon Draisaitl,EDM,C
Auston Matthews,TOR,C
Chris Kreider,NYR,LW
Alex Ovechkin,WAS,LW
Kyle Connor,WPG,LW
David Pastrnak,BOS,RW
Connor McDavid,EDM,C
Gabriel Landeskog,COL,LW
Alex DeBrincat,CHI,RW
Andrew Mangiapane,CGY,LW
Troy Terry,ANH,C
Dylan Larkin,DET,C
Filip Forsberg,NSH,RW
Matthew Tkachuk,CGY,LW
Steven Stamkos,TB,C
Mikko Rantanen,COL,RW
Adrian Kempe,LA,C
Jake Guentzel,PIT,LW
Aleksander Barkov,FLA,C
Matt Duchene,NSH,C
Elias Lindholm,CGY,RW
Timo Meier,SJ,LW
Kirill Kaprizov,MIN,LW
Sebastian Aho,CAR,LW
Roope Hintz,DAL,LW
Tyler Bertuzzi,DET,LW
Sam Bennett,FLA,LW
Brad Marchand,BOS,LW
Boone Jenner,CLS,LW
Tage Thompson,BUF,RW
Jason Robertson,DAL,LW
Andrei Svechnikov,CAR,RW
Pierre-Luc Dubois,WPG,C
Tomas Hertl,SJ,LW
Nazem Kadri,COL,C
Joe Pavelski,DAL,RW
Jonathan Marchessault,VGK,LW
Jeff Skinner,BUF,LW
William Nylander,TOR,C
Mitch Marner,TOR,C
Jared McCann,SEA,C
Brayden Point,TB,C
Clayton Keller,ARI,C
Jordan Kyrou,STL,RW
Patrik Laine,CLS,RW
Anthony Duclair,FLA,LW
Mika Zibanejad,NYR,C
Mark Scheifele,WPG,C
J.T. Miller,VAN,C
Johnny Gaudreau,CGY,LW
Vladimir Tarasenko,STL,RW
Brock Nelson,NYI,C
Zach Hyman,EDM,RW
Pavel Buchnevich,STL,LW
Ryan Hartman,MIN,RW
Michael Bunting,TOR,LW
Jesper Bratt,NJ,LW
Tanner Jeannot,NSH,LW
Cale Makar,COL,D
Josh Norris,OTT,C
Oliver Bjorkstrand,CLS,RW
Sam Reinhart,FLA,RW
Bryan Rust,PIT,RW
Jonathan Huberdeau,FLA,LW
Cam Atkinson,PHI,RW
Logan Couture,SJ,C
Marcus Foligno,MIN,LW
Mats Zuccarello,MIN,RW
Tyler Seguin,DAL,C
John Tavares,TOR,C
Claude Giroux,PHI,C
Brandon Saad,STL,LW
Tom Wilson,WAS,RW
Kevin Fiala,MIN,LW
Bo Horvat,VAN,C
Andre Burakovsky,COL,LW
Ivan Barbashev,STL,LW
Brady Tkachuk,OTT,LW
Jack Hughes,NJ,C
Elias Pettersson,VAN,C
Brandon Hagel,CHI,LW
Lucas Raymond,DET,RW
Evan Rodrigues,PIT,C
Joel Eriksson Ek,MIN,C
Nathan MacKinnon,COL,C
Carter Verhaeghe,FLA,C
Alex Killorn,TB,C
Reilly Smith,VGK,RW
Phillip Danault,LA,C
Nino Niederreiter,CAR,RW
Patrick Kane,CHI,RW
Sidney Crosby,PIT,C
Brayden Schenn,STL,C
Jordan Eberle,SEA,RW
Anze Kopitar,LA,C
Patrice Bergeron,BOS,C
Corey Perry,TB,RW
Max Pacioretty,VGK,LW
Evgeny Kuznetsov,WAS,C
Ondrej Palat,TB,LW
Teuvo Teravainen,CAR,C
Vincent Trocheck,CAR,C
Rickard Rakell,ANH,C
Josh Anderson,MON,RW
Brock Boeser,VAN,RW
Artemi Panarin,NYR,LW
Viktor Arvidsson,LA,LW
Nico Hischier,NJ,C
Alex Iafallo,LA,C
Trevor Zegras,ANH,C
Robby Fabbri,DET,LW
Lawson Crouse,ARI,LW
Jake DeBrusk,BOS,LW
Conor Garland,VAN,RW
Chandler Stephenson,VGK,C
Valeri Nichushkin,COL,LW
Anders Lee,NYI,C
Aaron Ekblad,FLA,D
Tyler Toffoli,CGY,RW
Kyle Okposo,BUF,RW
Roman Josi,NSH,D
Ryan Johansen,NSH,C
Jamie Benn,DAL,C
Paul Stastny,WPG,C
Jeff Carter,PIT,C
Vladislav Namestnikov,DET,C
Gustav Nyquist,CLS,RW
Nikolaj Ehlers,WPG,LW
Andrew Copp,WPG,C
Anthony Cirelli,TB,C
Pavel Zacha,NJ,C
Alexis Lafreniere,NYR,LW
Dawson Mercer,NJ,C
Isac Lundestrom,ANH,LW
Drake Batherson,OTT,RW
Yegor Sharangovich,NJ,LW
Dylan Cozens,BUF,C
Jesse Puljujarvi,EDM,RW
Anton Lundell,FLA,C
Tim Stutzle,OTT,LW
Mathew Barzal,NYI,C
Yakov Trenin,NSH,C
Conor Sheary,WAS,LW
Ryan Strome,NYR,C
Charlie Coyle,BOS,C
Yanni Gourde,SEA,LW
David Perron,STL,RW
Taylor Hall,BOS,LW
Ryan O'Reilly,STL,C
Victor Hedman,TB,D
James van Riemsdyk,PHI,LW
Blake Coleman,CGY,C
Calle Jarnkrok,SEA,C
Jesper Fast,CAR,RW
Sonny Milano,ANH,LW
Andreas Johnsson,NJ,LW
Barclay Goodrow,NYR,LW
Tanner Pearson,VAN,LW
Ondrej Kase,TOR,RW
Nick Schmaltz,ARI,RW
Ryan Donato,SEA,C
Danton Heinen,PIT,C
Alex Newhook,COL,C
Arthur Kaliyev,LA,RW
Luke Kunin,NSH,C
Mason Marchment,FLA,LW
Jonathan Dahlen,SJ,LW
Nick Suzuki,MON,C
Jesperi Kotkaniemi,CAR,LW
Joel Farabee,PHI,LW
Pius Suter,DET,LW
Kailer Yamamoto,EDM,LW
Alexandre Texier,CLS,C
Alex Formenton,OTT,LW
Oliver Wahlstrom,NYI,RW
Adam Boqvist,CLS,D
Rem Pitlick,MON,C
Devon Toews,COL,D
Brock McGinn,PIT,LW
Dominik Kubalik,CHI,LW
Garnet Hathaway,WAS,RW
J.T. Compher,COL,C
Artturi Lehkonen,MON,LW
Adam Henrique,ANH,C
Travis Boyd,ARI,C
Nikita Kucherov,TB,RW
Scott Laughton,PHI,C
Jason Spezza,TOR,C
John Carlson,WAS,D
Evgenii Dadonov,VGK,RW
Tomas Tatar,NJ,LW
Mike Hoffman,MON,LW
Patrick Maroon,TB,LW
Milan Lucic,CGY,LW
Evgeni Malkin,PIT,C
Jean-Gabriel Pageau,NYI,C
Sam Carrick,ANH,C
Zach Sanford,OTT,LW
Nick Paul,OTT,LW
Shayne Gostisbehere,ARI,D
Max Domi,CLS,C
Tony DeAngelo,CAR,D
Kasperi Kapanen,PIT,RW
Pierre Engvall,TOR,LW
Dylan Strome,CHI,C
Jack Roslovic,CLS,RW
Ross Colton,TB,LW
Trevor Moore,LA,LW
Nathan Bastian,NJ,RW
Ilya Mikheyev,TOR,RW
Brandon Tanev,SEA,LW
Evan Bouchard,EDM,D
Noah Dobson,NYI,D
Vasili Podkolzin,VAN,RW
Jacob Peterson,DAL,LW
Rasmus Dahlin,BUF,D
Eetu Luostarinen,FLA,LW
Nico Sturm,MIN,C
Kirby Dach,CHI,C
Alexander Barabanov,SJ,RW
Brett Howden,VGK,C
Martin Necas,CAR,C
Michael Rasmussen,DET,C
David Kampf,TOR,RW
Nils Hoglander,VAN,LW
Philip Tomasino,NSH,C
Matthew Boldy,MIN,LW
Cole Sillinger,CLS,C
Seth Jarvis,CAR,RW
Anthony Beauvillier,NYI,LW
Travis Konecny,PHI,C
Daniel Sprong,WAS,RW
Nicolas Roy,VGK,C
Mathieu Joseph,TB,RW
Derek Ryan,EDM,C
Frank Vatrano,FLA,LW
Zach Werenski,CLS,D
Denis Gurianov,DAL,RW
Victor Olofsson,BUF,LW
Brendan Lemieux,LA,LW
Oskar Lindblom,PHI,LW
Sean Monahan,CGY,C
Vinnie Hinostroza,BUF,RW
Teddy Blueger,PIT,C
Alex Kerfoot,TOR,C
Shea Theodore,VGK,D
Derek Grant,ANH,C
Dougie Hamilton,NJ,D
Mark Stone,VGK,RW
Mikael Granlund,NSH,C
Sean Kuraly,CLS,C
Jacob Trouba,NYR,D
Luke Glendening,DAL,C
Mikael Backlund,CGY,C
Lars Eller,WAS,C
Erik Karlsson,SJ,D
Drew Doughty,LA,D
Alex Pietrangelo,VGK,D
Patric Hornqvist,FLA,RW
Kevin Shattenkirk,ANH,D
Zach Parise,NYI,LW
Blake Wheeler,WPG,RW
Zemgus Girgensons,BUF,C
Mike Matheson,PIT,D
Brady Skjei,CAR,D
Adam Lowry,WPG,LW
William Karlsson,VGK,C
Derek Stepan,CAR,C
Justin Faulk,STL,D
Ryan Nugent-Hopkins,EDM,LW
Dmitry Orlov,WAS,D
Mattias Janmark,VGK,C
Nic Dowd,WAS,C
Alex Tuch,BUF,RW
Connor Brown,OTT,RW
Jimmy Vesey,NJ,LW
Damon Severson,NJ,D
Erik Haula,BOS,C
Christian Dvorak,MON,LW
Nicolas Aube-Kubel,COL,C
Warren Foegele,EDM,LW
Frederick Gaudreau,MIN,C
Jake Evans,MON,LW
Vince Dunn,SEA,D
Connor McMichael,WAS,C
Cole Caufield,MON,RW
Charlie McAvoy,BOS,D
Carl Grundstrom,LA,LW
Adam Fox,NYR,D
Blake Lizotte,LA,LW
Filip Zadina,DET,RW
Robert Thomas,STL,C
Eeli Tolvanen,NSH,LW
Zach Whitecloud,VGK,D
Eric Robinson,CLS,LW
Logan O'Connor,COL,C
Sam Steel,ANH,C
Kevin Rooney,NYR,C
Tyson Jost,COL,C
Michael McLeod,NJ,C
Gerald Mayhew,PHI,C
Owen Tippett,FLA,RW
Dillon Dube,CGY,C
Brandon Duhaime,MIN,LW
Yegor Chinakhov,CLS,RW
Oliver Kylington,CGY,D
Evgeny Svechnikov,WPG,LW
Keegan Kolesar,VGK,RW
Rudolfs Balcers,SJ,LW
Steven Lorentz,CAR,C
Juho Lammikko,VAN,RW
Michael Raffl,DAL,LW
Darnell Nurse,EDM,D
Josh Morrissey,WPG,D
Jonathan Drouin,MON,C
Curtis Lazar,BOS,C
Chris Tierney,OTT,C
Colton Parayko,STL,D
Pierre-Edouard Bellemare,TB,C
MacKenzie Weegar,FLA,D
Carson Soucy,SEA,D
Tyler Motte,VAN,C
William Carrier,VGK,LW
Sean Couturier,PHI,C
Johan Larsson,ARI,C
Jason Zucker,PIT,LW
Cam Fowler,ANH,D
Jaden Schwartz,SEA,LW
Craig Smith,BOS,RW
Nick Cousins,NSH,C
Colin Blackwell,SEA,C
Morgan Rielly,TOR,D
Torey Krug,STL,D
Brian Boyle,PIT,C
T.J. Oshie,WAS,RW
Erik Johnson,COL,D
Jordan Staal,CAR,C
Dustin Brown,LA,RW
Andrew Ladd,ARI,LW
Mark Giordano,SEA,D
Sam Gagner,DET,C
Kris Letang,PIT,D
Phil Kessel,ARI,RW
Tyler Ennis,OTT,LW
Marcus Johansson,SEA,LW
Kyle Palmieri,NYI,RW
Casey Cizikas,NYI,C
Nick Bonino,SJ,C
Ben Chiarot,MON,D
Zack Kassian,EDM,RW
Evander Kane,EDM,LW
Cal Clutterbuck,NYI,RW
Ryan Suter,DAL,D
Brent Burns,SJ,D
Ryan Dzingel,SJ,C
Hampus Lindholm,ANH,D
Alex Chiasson,VAN,RW
Victor Rask,MIN,C
Nick Bjugstad,MIN,C
Jared Spurgeon,MIN,D
Andreas Athanasiou,LA,C
Dominic Toninato,WPG,LW
Colton Sissons,NSH,RW
Alexander Wennberg,SEA,C
Brandon Montour,FLA,D
Ivan Provorov,PHI,D
Noah Hanifin,CGY,D
Mason Appleton,SEA,C
Adam Gaudette,OTT,C
Thomas Chabot,OTT,D
Jansen Harkins,WPG,C
Brandon Carlo,BOS,D
Vinni Lettieri,ANH,C
Maxim Mamin,FLA,LW
Rasmus Asplund,BUF,C
Filip Hronek,DET,D
Janne Kuokkanen,NJ,LW
Samuel Girard,COL,D
Ryan McLeod,EDM,C
Kaapo Kakko,NYR,RW
Bowen Byram,COL,D
Moritz Seider,DET,D
Joe Veleno,DET,C
Jesper Boqvist,NJ,C
Filip Chytil,NYR,C
Ryan Poehling,MON,C
Mackenzie Entwistle,CHI,RW
Nicolas Hague,VGK,D
Morgan Geekie,SEA,C
Adam Ruzicka,CGY,C
Rasmus Sandin,TOR,D
K'Andre Miller,NYR,D
Quinn Hughes,VAN,D
Barrett Hayton,ARI,C
Joe Snively,WAS,LW
Philipp Kurashev,CHI,LW
Jasper Weatherby,SJ,C
Ryan Lindgren,NYR,D
Givani Smith,DET,LW
Taylor Raddysh,TB,RW
Kieffer Bellows,NYI,LW
Henrik Borgstrom,CHI,C
Ryan Lomberg,FLA,LW
Artem Zub,OTT,D
Jake Bean,CLS,D
Justin Danforth,CLS,RW
Miro Heiskanen,DAL,D
Klim Kostin,STL,RW
Michael Pezzetta,MON,C
Jordan Greenway,MIN,LW
Anders Bjork,BUF,LW
Michael Amadio,VGK,C
Nick Jensen,WAS,D
Carter Rowney,DET,C
Nate Schmidt,WPG,D
Oskar Sundqvist,STL,C
Brett Pesce,CAR,D
Adam Erne,DET,RW
Ryan Graves,NJ,D
Nathan Walker,STL,C
Travis Sanheim,PHI,D
Brendan Perlini,EDM,LW
Brendan Gallagher,MON,RW
Adam Larsson,SEA,D
Nicolas Deslauriers,ANH,LW
Connor Murphy,CHI,D
Derek Forbort,BOS,D
Jon Merrill,MIN,D
Matt Nieto,SJ,LW
Mike Reilly,BOS,D
Matt Dumba,MIN,D
Alex Galchenyuk,ARI,RW
Joe Thornton,FLA,C
Jonathan Toews,CHI,C
Nicklas Backstrom,WAS,C
Andrew Cogliano,SJ,LW
Derick Brassard,PHI,C
Darren Helm,COL,C
Anton Stralman,ARI,D
Trevor Lewis,CGY,C
Oliver Ekman-Larsson,VAN,D
Nick Holden,OTT,D
Wayne Simmonds,TOR,RW
Dmitry Kulikov,MIN,D
T.J. Brodie,TOR,D
Cody Eakin,BUF,C
Chris Tanev,CGY,D
Erik Gudbranson,CGY,D
Justin Braun,PHI,D
Jeff Petry,MON,D
Mathieu Perreault,MON,C
Luke Schenn,VAN,D
Josh Bailey,NYI,LW
P.K. Subban,NJ,D
Tyler Bozak,STL,C
Brendan Smith,CAR,D
Alexander Radulov,DAL,RW
Ryan Getzlaf,ANH,C
Brendan Gaunce,CLS,C
Brian Dumoulin,PIT,D
Josh Manson,ANH,D
Austin Watson,OTT,LW
Kevin Hayes,PHI,C
Jonas Brodin,MIN,D
Carl Hagelin,WAS,LW
Tyson Barrie,EDM,D
Antoine Roussel,ARI,LW
Mattias Ekholm,NSH,D
Jakob Silfverberg,ANH,RW
Nick Ritchie,ARI,LW
Tomas Nosek,BOS,LW
Jason Dickinson,VAN,C
Jujhar Khaira,CHI,C
Adam Pelech,NYI,D
Jake McCabe,CHI,D
Jaccob Slavin,CAR,D
Esa Lindell,DAL,D
Seth Jones,CHI,D
Nikita Zadorov,CGY,D
Dysin Mayo,ARI,D
Kevin Labanc,SJ,RW
Jacob Middleton,SJ,D
Dean Kukan,CLS,D
Christian Fischer,ARI,RW
Niko Mikkola,STL,D
Dominik Simon,PIT,C
Noah Gregor,SJ,C
Matthew Highmore,VAN,C
Dylan Coghlan,VGK,D
Logan Brown,STL,C
Jakob Chychrun,ARI,D
Mikhail Sergachev,TB,D
Dryden Hunt,NYR,LW
Julien Gauthier,NYR,RW
Trent Frederic,BOS,C
Janis Moser,ARI,D
Rasmus Kupari,LA,C
Martin Fehervary,WAS,D
Alex Barre-Boulet,TB,C
Henri Jokiharju,BUF,D
Drew O'Connor,PIT,C
Jamie Drysdale,ANH,D
Brett Leason,WAS,RW
Alexei Protas,WAS,C
Peyton Krebs,BUF,C
Quinton Byfield,LA,C
Cole Perfetti,WPG,LW
Mason McTavish,ANH,C
Kristian Vesalainen,WPG,LW
Morgan Frost,PHI,C
Mario Ferraro,SJ,D
Maxime Comtois,ANH,LW
Parker Kelly,OTT,C
Mikey Anderson,LA,D
Emil Bemstrom,CLS,C
Jonas Rondbjerg,VGK,RW
Sean Durzi,LA,D
Calen Addison,MIN,D
Arttu Ruotsalainen,BUF,C
Paul Cotter,VGK,C
Jack Drury,CAR,C
Alexander Romanov,MON,D
Connor Dewar,MIN,C
Drake Caggiula,BUF,LW
Boris Katchouk,TB,LW
Vladislav Gavrikov,CLS,D
Jeffrey Viel,SJ,LW
Nolan Patrick,VGK,C
Neal Pionk,WPG,D
Jan Rutta,TB,D
Adam Brooks,WPG,C
Brett Murray,BUF,LW
Lucas Carlsson,FLA,D
Oskar Steen,BOS,C
Alexandre Carrier,NSH,D
Caleb Jones,CHI,D
Ethan Bear,CAR,D
Rasmus Andersson,CGY,D
Gabriel Carlsson,CLS,D
Kyle Capobianco,ARI,D
Liam O'Brien,ARI,C
Austin Czarnik,SEA,C
Dakota Joshua,STL,LW
Max Willman,PHI,LW
Gustav Forsling,FLA,D
Jake Walman,STL,D
Anthony Mantha,WAS,RW
Michael McCarron,NSH,C
Rasmus Ristolainen,PHI,D
Chad Ruhwedel,PIT,D
Erik Gustafsson,CHI,D
Brett Kulak,MON,D
Colin Miller,BUF,D
Jordan Martinook,CAR,LW
Justin Schultz,WAS,D
Devin Shore,EDM,C
Matt Grzelcyk,BOS,D
Laurent Dauphin,MON,C
Haydn Fleury,SEA,D
Patrick Brown,PHI,C
Ryan Carpenter,CHI,C
Anton Blidh,BOS,LW
Justin Dowling,VAN,C
Jani Hakanpaa,DAL,D
Joel Armia,MON,RW
Mark Pysyk,BUF,D
Riley Sheahan,SEA,C
Justin Holl,TOR,D
Michael Sgarbossa,WAS,LW
Brayden McNabb,VGK,D
Gregory Hofmann,FA,LW
Scott Mayfield,NYI,D
Chris Wideman,MON,D
Mark Jankowski,BUF,C
Cody Ceci,EDM,D
Radek Faksa,DAL,C
Brad Richardson,CGY,C
James Neal,STL,RW
Alex Goligoski,MIN,D
Ian Cole,CAR,D
Jakub Voracek,CLS,LW
Ryan McDonagh,TB,D
Andy Greene,NYI,D
Ryan Reaves,NYR,RW
Nick Foligno,BOS,LW
Colton Sceviour,EDM,RW
Zach Bogosian,TB,D
Michael Del Zotto,OTT,D
Jake Muzzin,TOR,D
Matt Martin,NYI,LW
Robert Bortuzzo,STL,D
Nick Leddy,DET,D
Ryan Ellis,PHI,D
Calvin de Haan,CHI,D
Travis Hamonic,VAN,D
David Savard,MON,D
Tyler Myers,VAN,D
Jay Beagle,ARI,C
Marco Scandella,STL,D
Paul Byron,MON,C
Jordie Benn,MIN,D
Alexander Edler,LA,D
Keith Yandle,PHI,D
Blake Comeau,DAL,LW
Kyle Turris,EDM,C
Nate Thompson,PHI,C
Marc Staal,DET,D
Jack Johnson,COL,D
Duncan Keith,EDM,D
Loui Eriksson,ARI,RW
Olli Maatta,LA,D
Nick Seeler,PHI,D
Greg Pateryn,ANH,D
Jamie Oleksiak,SEA,D
Logan Shaw,OTT,RW
Andy Andreoff,NYI,C
Josh Leivo,CAR,LW
Dylan DeMelo,WPG,D
Joonas Donskoi,SEA,RW
John Klingberg,DAL,D
Patrik Nemeth,NYR,D
Greg McKegg,NYR,C
Radko Gudas,FLA,D
Jarred Tinordi,NYR,D
Tyler Johnson,CHI,C
Brenden Dillon,WPG,D
Kyle Burroughs,VAN,D
Jordan Oesterle,DET,D
Ross Johnston,NYI,LW
Trevor van Riemsdyk,WAS,D
Joel Hanley,DAL,D
John Hayden,BUF,C
Robert Hagg,BUF,D
Will Butcher,BUF,D
Tucker Poolman,VAN,D
Connor Clifton,BOS,D
Martin Frk,LA,RW
Ben Hutton,VGK,D
Jaycob Megna,SJ,D
Kurtis MacDermid,COL,D
Andrej Sustr,TB,D
Buddy Robinson,ANH,RW
Ryan Pulock,NYI,D
Marcus Pettersson,PIT,D
Sam Lafferty,CHI,RW
Jack Eichel,VGK,C
Jonas Siegenthaler,NJ,D
Nicolas Meloche,SJ,D
Erik Cernak,TB,D
Nicholas Merkley,SJ,C
Travis Dermott,TOR,D
Colin White,OTT,C
Jeremy Lauzon,SEA,D
Thomas Novak,NSH,C
Lukas Vejdemo,MON,C
Will Borgen,SEA,D
Christian Wolanin,LA,D
John Marino,PIT,D
Matt Roy,LA,D
Beck Malenstyn,WAS,C
Josh Mahura,ANH,D
Riley Stillman,CHI,D
Garrett Pilon,WAS,C
Gabriel Vilardi,LA,C
Casey Mittelstadt,BUF,C
Timothy Liljegren,TOR,D
Radim Simek,SJ,D
Zack MacEwen,PHI,C
Matt Luff,NSH,RW
Zach Aston-Reese,PIT,C
Nikita Zaitsev,OTT,D
Michal Kempny,WAS,D
Ethan Prow,BUF,D
Troy Stecher,DET,D
Dante Fabbro,NSH,D
Kale Clague,MON,D
Dylan Gambrell,OTT,C
Kasper Bjorkqvist,PIT,RW
Tyler Benson,EDM,LW
Andrew Peeke,CLS,D
Riley Damiani,DAL,C
Rafael Harvey-Pinard,MON,LW
Simon Benoit,ANH,D
Jake Christiansen,CLS,D
Kristian Reichel,WPG,C
Trey Fix-Wolansky,CLS,RW
Reese Johnson,CHI,RW
Joel Kiviranta,DAL,RW
Benoit-Olivier Groulx,ANH,C
Gabriel Fortier,TB,LW
Nils Lundkvist,NYR,D
Jesse Ylonen,MON,LW
Ryan Merkley,SJ,D
Ty Smith,NJ,D
Jacob Bryson,BUF,D
Scott Reedy,SJ,C
Marian Studenic,DAL,RW
Kiefer Sherwood,COL,LW
Karson Kuhlman,SEA,C
Robin Salo,NYI,D
Jonah Gadjovich,SJ,LW
Jake Leschyshyn,VGK,C
Isaac Ratcliffe,PHI,LW
Gustav Lindstrom,DET,D
Jackson Cates,PHI,C
Matt Kiersted,FLA,D
Radim Zohorna,PIT,RW
Jack Quinn,BUF,C
Braden Schneider,NYR,D
Hendrix Lapierre,WAS,C
Jake Neighbours,STL,LW
Cam York,PHI,D
Victor Soderstrom,ARI,D
Thomas Harley,DAL,D
Lassi Thomson,OTT,D
Ville Heinola,WPG,D
Tobias Bjornfot,LA,D
Nolan Foote,NJ,LW
Brayden Tracey,ANH,LW
Shane Pinto,OTT,C
Kaedan Korczak,VGK,D
Artemi Kniazev,SJ,D
Samuel Fagemo,LA,LW
Vladislav Kolyachonok,ARI,D
Nick Robertson,TOR,LW
Adam Raska,SJ,LW
John-Jason Peterka,BUF,RW
Lukas Reichel,CHI,RW
Tyce Thompson,NJ,C
Santeri Hatakka,SJ,D
Ben McCartney,ARI,LW
Corey Schueneman,MON,D
Jon Lizotte,MIN,D
Alexander Holtz,NJ,RW
Mattias Norlinder,MON,D
Zac Jones,NYR,D
Adam Beckman,MIN,LW
Cole Schwindt,FLA,RW
Jacob Perreault,ANH,RW
Isaak Phillips,CHI,D
Mike Hardman,CHI,RW
Alex Steeves,TOR,LW
Justin Barron,COL,D
Marco Rossi,MIN,C
Bryce Kindopp,ANH,RW
Brandon Biro,BUF,LW
Cole Smith,NSH,LW
Jack Ahcan,BOS,D
Linus Sandin,PHI,RW
Walker Duehr,CGY,RW
Jesper Froden,BOS,RW
William Eklund,SJ,LW
Aleksi Heponiemi,FLA,LW
Jaret Anderson-Dolan,LA,C
Conor Timmins,ARI,D
Kole Lind,SEA,RW
Pierre-Olivier Joseph,PIT,D
Fabian Zetterlund,NJ,LW
Ian Mitchell,CHI,D
Johnny Kovacevic,WPG,D
Dmitri Samorukov,EDM,D
Cale Fleury,SEA,D
Jack Rathbone,VAN,D
Mason Shaw,MIN,C
Dylan Samberg,WPG,D
Jack Studnicka,BOS,C
Jordan Gross,COL,D
Juuso Riikola,PIT,D
Grigori Denisenko,FLA,LW
Jayden Halbgewachs,SJ,C
Sean Walker,LA,D
Sheldon Dries,VAN,C
Mark Kastelic,OTT,C
Alex True,SEA,LW
Austin Strand,LA,D
Jakub Galvas,CHI,D
Morgan Barron,NYR,LW
Ben Jones,VGK,C
Wyatt Kalynuk,CHI,D
Sebastian Aho,NYI,D
Daniil Miromanov,VGK,RW
Alexei Toropchenko,STL,RW
Liam Foudy,CLS,C
Ty Dellandrea,DAL,C
Martin Kaut,COL,RW
Alexander Alexeyev,WAS,D
Mattias Samuelsson,BUF,D
Jacob Bernard-Docker,OTT,D
Nicolas Beaudin,CHI,D
David Gustafsson,WPG,C
Jan Jenik,ARI,C
Cameron Hillis,MON,C
Alec Regula,CHI,D
Sampo Ranta,COL,LW
Joey Keane,CAR,D
Kevin Bahl,NJ,D
Taro Hirose,DET,LW
Grant Hutton,NYI,D
Alex Turcotte,LA,C
Philip Broberg,EDM,D
Pavel Dorofeyev,VGK,LW
Kristians Rubins,TOR,D
Egor Zamula,PHI,D
Egor Sokolov,OTT,LW
Declan Chisholm,WPG,D
John Leonard,SJ,C
Josiah Slavin,CHI,LW
Scott Perunovich,STL,D
Libor Hajek,NYR,D
Dennis Cholowski,SEA,D
Max Jones,ANH,LW
Riley Tufte,DAL,LW
Lucas Johansen,WAS,D
Markus Niemelainen,EDM,D
Cam Dineen,ARI,D
Joey Anderson,TOR,RW
Wade Allison,PHI,RW
Logan Stanley,WPG,D
Olli Juolevi,FLA,D
Andrew Poturalski,CAR,C
Dan Renouf,DET,D
Kyle Criscuolo,DET,C
Anthony Greco,NYR,C
Ilya Lyubushkin,TOR,D
Kirill Semyonov,FA,C
Gavin Bayreuther,CLS,D
C.J. Smith,CAR,LW
Calle Rosen,STL,D
Urho Vaakanainen,BOS,D
Cal Foote,TB,D
Erik Brannstrom,OTT,D
Juuso Valimaki,CGY,D
Cody Glass,NSH,C
Lias Andersson,LA,LW
Connor Bunnaman,PHI,C
Rhett Gardner,DAL,C
Jacob Moverare,LA,D
Casey Fitzgerald,BUF,D
Sean Day,TB,D
Victor Mete,OTT,D
Mikhail Maltsev,COL,C
Axel Jonsson-Fjallby,WAS,LW
Otto Koivula,NYI,C
Max Lajoie,CAR,D
Tim Gettinger,NYR,LW
Chase Priskie,FLA,D
Jeremy Davies,NSH,D
Michael Carcone,ARI,C
Mathieu Olivier,NSH,RW
Sami Niku,MON,D
Dakota Mermis,MIN,D
Kole Sherwood,NSH,C
Philippe Myers,NSH,D
Lane Pederson,SJ,C
Jalen Chatfield,CAR,D
Markus Nutivaara,FLA,D
Brett Seney,TOR,LW
Cooper Marody,EDM,C
Christian Jaros,NJ,D
Glenn Gawdin,CGY,C
Colton White,NJ,D
Mitchell Stephens,DET,C
Noah Juulsen,VAN,D
Jacob Larsson,ANH,D
A.J. Greer,NJ,LW
Brendan Guhle,ANH,D
Kevin Stenlund,CLS,C
Guillaume Brisebois,VAN,D
Blake Speers,ARI,RW
Tanner Kero,DAL,LW
Jakub Zboril,BOS,D
Darren Raddysh,TB,D
Sammy Blais,NYR,LW
Dylan Sikura,COL,LW
Brandon Baddock,MIN,LW
Noel Acciari,FLA,C
Jacob MacDonald,COL,D
Vladimir Tkachev,LA,LW
C.J. Suess,WPG,LW
Anthony Angello,PIT,C
Clark Bishop,OTT,C
William Lagesson,EDM,D
Chase De Leo,NJ,C
Austin Poganski,WPG,RW
Ryan MacInnis,BUF,C
Mark Friedman,PIT,D
Frederik Gauthier,NJ,C
Danny DeKeyser,DET,D
Jayson Megna,COL,LW
Matt Benning,NSH,D
Paul LaDue,NYI,D
Alex Belzile,MON,LW
Scott Sabourin,OTT,RW
Seth Griffith,EDM,RW
Danny O'Regan,ANH,C
Riley Barber,DET,RW
Cedric Paquette,MON,C
Gemel Smith,TB,C
Hudson Fasching,ARI,RW
Ben Harpur,NSH,D
Kurtis Gabriel,CHI,RW
Mason Geertsen,NJ,D
Dillon Heatherington,OTT,D
Carl Dahlstrom,TOR,D
Justin Bailey,VAN,RW
Madison Bowey,VAN,D
Remi Elie,TB,LW
Michael Dal Colle,NYI,LW
Tyler Lewington,BOS,D
Jonny Brodzinski,NYR,RW
Josh Brown,OTT,D
Brad Malone,EDM,C
Mark Borowiecki,NSH,D
Nathan Beaulieu,WPG,D
Sven Baertschi,VGK,LW
Stefan Noesen,CAR,C
Tyler Pitlick,MON,C
Brett Connolly,CHI,RW
Matthew Peca,STL,C
Max McCormick,SEA,LW
Fredrik Claesson,TB,D
Kyle Rau,MIN,C
Steven Fogarty,BOS,C
Dmitrij Jaskin,ARI,RW
Scott Harrington,CLS,D
Rocco Grimaldi,NSH,C
Brett Ritchie,CGY,RW
T.J. Tynan,LA,C
Matt Tennyson,NSH,D
Brad Hunt,VAN,D
Leo Komarov,FA,LW
Ryan Murray,COL,D
Stefan Matteau,COL,RW
Slater Koekkoek,EDM,D
Zdeno Chara,NYI,D
Marc-Edouard Vlasic,SJ,D
Thomas Hickey,NYI,D
Riley Nash,ARI,C
Kris Russell,EDM,D
Andrej Sekera,DAL,D
Michael Stone,CGY,D
Alec Martinez,VGK,D
Matt Irwin,WAS,D
Kevin Connauton,PHI,D
Andrew Agozzino,OTT,LW
Alex Biega,TOR,D
John Moore,BOS,D
Kyle Clifford,TOR,LW
Richard Panik,NYI,RW
Zac Dalpe,FLA,C
